time,amplitude
0.000000,0
0.000023,32002
0.000045,-13742
0.000068,-26101
